[{"id":1,"first_name":"Huntington","last_name":"Gernier","order_date":"8/9/2023","check_in":"2/16/2024","check_out":"2/19/2024","notes":"Duis aliquam convallis nunc. Proin at turpis a pede posuere nonummy. Integer non velit.","room":1,"status":"Check-out","room_type":"Suite"},{"id":3,"first_name":"Putnem","last_name":"Crichley","order_date":"3/23/2023","check_in":"11/11/2023","check_out":"10/2/2023","notes":"Lorem ipsum dolor sit amet, consectetuer adipiscing elit. Proin interdum mauris non ligula pellentesque ultrices.","room":3,"status":"Check-in","room_type":"Double Bed"},{"id":5,"first_name":"Barny","last_name":"Rubertelli","order_date":"11/19/2023","check_in":"11/16/2023","check_out":"8/4/2023","notes":"Phasellus id sapien in sapien iaculis congue.","room":5,"status":"Cancelled","room_type":"Suite"},{"id":6,"first_name":"Fernande","last_name":"Dorrell","order_date":"7/27/2023","check_in":"5/7/2023","check_out":"12/28/2023","notes":"Nam nulla. Integer pede justo, lacinia eget, tincidunt eget, tempus vel, pede.","room":6,"status":"Check-in","room_type":"Single Bed"},{"id":7,"first_name":"Clemens","last_name":"Yallowley","order_date":"11/7/2023","check_in":"7/10/2023","check_out":"10/18/2023","notes":"Nulla nisl.","room":7,"status":"Check-out","room_type":"Double Bed"},{"id":8,"first_name":"Bartie","last_name":"Davy","order_date":"11/10/2023","check_in":"3/16/2023","check_out":"7/15/2023","notes":"Maecenas rhoncus aliquam lacus. Morbi quis tortor id nulla ultrices aliquet. Maecenas leo odio, condimentum id, luctus nec, molestie sed, justo.","room":8,"status":"Check-out","room_type":"Double Superior"},{"id":9,"first_name":"Tobye","last_name":"Parbrook","order_date":"11/23/2023","check_in":"6/24/2023","check_out":"10/15/2023","notes":"Sed accumsan felis.","room":9,"status":"In progress","room_type":"Suite"},{"id":10,"first_name":"Amity","last_name":"Morten","order_date":"8/22/2023","check_in":"2/14/2024","check_out":"2/24/2024","notes":"Morbi vel lectus in quam fringilla rhoncus. Mauris enim leo, rhoncus sed, vestibulum sit amet, cursus id, turpis. Integer aliquet, massa id lobortis convallis, tortor risus dapibus augue, vel accumsan tellus nisi eu orci.","room":1,"status":"In progress","room_type":"Single Bed"},{"id":11,"first_name":"Caddric","last_name":"Infantino","order_date":"10/22/2023","check_in":"5/10/2023","check_out":"8/30/2023","notes":"Nulla nisl. Nunc nisl. Duis bibendum, felis sed interdum venenatis, turpis enim blandit mi, in porttitor pede justo eu massa.","room":1,"status":"Cancelled","room_type":"Double Bed"},{"id":12,"first_name":"Brooks","last_name":"Sudell","order_date":"11/15/2023","check_in":"5/7/2023","check_out":"7/24/2023","notes":"Etiam faucibus cursus urna.","room":1,"status":"Check-out","room_type":"Double Superior"},{"id":13,"first_name":"Tanny","last_name":"Pancoust","order_date":"12/7/2023","check_in":"9/27/2023","check_out":"12/3/2023","notes":"Donec ut dolor.","room":1,"status":"Check-out","room_type":"Suite"},{"id":14,"first_name":"Nichole","last_name":"Newlove","order_date":"2/28/2024","check_in":"11/24/2023","check_out":"10/12/2023","notes":"Suspendisse ornare consequat lectus. In est risus, auctor sed, tristique in, tempus sit amet, sem. Fusce consequat.","room":1,"status":"Check-in","room_type":"Single Bed"},{"id":15,"first_name":"Annice","last_name":"Issit","order_date":"12/2/2023","check_in":"10/21/2023","check_out":"3/26/2023","notes":"Duis at velit eu est congue elementum. In hac habitasse platea dictumst.","room":1,"status":"Check-out","room_type":"Double Bed"},{"id":16,"first_name":"Enrique","last_name":"Clemente","order_date":"11/13/2023","check_in":"2/27/2024","check_out":"2/14/2024","notes":"Donec odio justo, sollicitudin ut, suscipit a, feugiat et, eros.","room":1,"status":"Check-in","room_type":"Suite"},{"id":17,"first_name":"Robbin","last_name":"Coye","order_date":"10/10/2023","check_in":"8/4/2023","check_out":"9/4/2023","notes":"Morbi vestibulum, velit id pretium iaculis, diam erat fermentum justo, nec condimentum neque sapien placerat ante.","room":2,"status":"Check-in","room_type":"Single Bed"},{"id":18,"first_name":"Elizabeth","last_name":"Tabert","order_date":"9/17/2023","check_in":"6/7/2023","check_out":"7/3/2023","notes":"Nullam porttitor lacus at turpis. Donec posuere metus vitae ipsum. Aliquam non mauris.","room":3,"status":"Check-in","room_type":"Double Bed"},{"id":19,"first_name":"Ernestine","last_name":"Tricker","order_date":"11/7/2023","check_in":"10/2/2023","check_out":"3/9/2023","notes":"Nunc rhoncus dui vel sem. Sed sagittis.","room":4,"status":"Check-out","room_type":"Double Superior"},{"id":20,"first_name":"Lucian","last_name":"Galton","order_date":"8/4/2023","check_in":"5/19/2023","check_out":"10/3/2023","notes":"Morbi quis tortor id nulla ultrices aliquet.","room":5,"status":"Check-in","room_type":"Suite"},{"id":110,"first_name":"RAMON","last_name":"ELVANIS","order_date":"8/4/2023","check_in":"5/19/2023","check_out":"10/3/2023","notes":"Morbi quis tortor id nulla ultrices aliquet.","room":5,"room_type":"Suite","status":"Check-in"},{"id":0,"first_name":"Lucian","last_name":"Galton","order_date":"8/4/2023","check_in":"5/19/2023","check_out":"10/3/2023","notes":"Morbi quis tortor id nulla ultrices aliquet.","room":5,"room_type":"Suite","status":"Check-in"}]