[
    {
      "id": 1,
      "room_type": "Suite",
      "room_number": 101,
      "description": "Lorem ipsum dolor sit amet, consectetur adipiscing elit.",
      "price": 450,
      "offer": true,
      "discount": 10,
      "cancellation": "Lorem ipsum dolor sit amet.",
      "photos": [
        "https://plus.unsplash.com/premium_photo-1661875135365-16aab794632f?w=500&auto=format&fit=crop&q=60&ixlib=rb-4.0.3&ixid=M3wxMjA3fDB8MHxzZWFyY2h8OXx8aG90ZWwlMjByb29tJTIwc3VpdGV8ZW58MHx8MHx8fDA%3D",
        "https://plus.unsplash.com/premium_photo-1661964402307-02267d1423f5?w=500&auto=format&fit=crop&q=60&ixlib=rb-4.0.3&ixid=M3wxMjA3fDB8MHxzZWFyY2h8MTN8fGhvdGVsJTIwcm9vbSUyMHN1aXRlfGVufDB8fDB8fHww",
        "https://plus.unsplash.com/premium_photo-1661963630748-3de7ab820570?w=500&auto=format&fit=crop&q=60&ixlib=rb-4.0.3&ixid=M3wxMjA3fDB8MHxzZWFyY2h8OXx8c3VpdGV8ZW58MHx8MHx8fDA%3D"
      ],
      "amenities": [
        "Air conditioner",
        "Breakfast",
        "Cleaning",
        "Grocery",
        "Shop near",
        "24/7 Online Support",
        "Smart Security",
        "High-speed WiFi",
        "Kitchen",
        "Shower",
        "Towels",
        "Strong Locker",
        "Expert Team"
      ],
      "status": "available"
    },
    {
      "id": 2,
      "room_type": "Single Bed",
      "room_number": 201,
      "description": "Lorem ipsum dolor sit amet, consectetur adipiscing elit.",
      "price": 150,
      "offer": false,
      "discount": 0,
      "cancellation": "Lorem ipsum dolor sit amet.",
      "photos": [
        "https://images.unsplash.com/photo-1564273795917-fe399b763988?w=500&auto=format&fit=crop&q=60&ixlib=rb-4.0.3&ixid=M3wxMjA3fDB8MHxzZWFyY2h8MzJ8fHNpbmdsZSUyMHJvb20lMjBob3RlbHxlbnwwfHwwfHx8MA%3D%3D",
        "https://images.unsplash.com/photo-1517912181842-e5a9d4701a4e?w=500&auto=format&fit=crop&q=60&ixlib=rb-4.0.3&ixid=M3wxMjA3fDB8MHxzZWFyY2h8ODR8fHNpbmdsZSUyMHJvb20lMjBob3RlbHxlbnwwfHwwfHx8MA%3D%3D",
        "https://images.unsplash.com/photo-1515362655824-9a74989f318e?w=500&auto=format&fit=crop&q=60&ixlib=rb-4.0.3&ixid=M3wxMjA3fDB8MHxzZWFyY2h8MjF8fHNpbmdsZSUyMGJlZCUyMGhvdGVsfGVufDB8fDB8fHww"
      ],
      "amenities": [
        "Air conditioner",
        "Breakfast",
        "Cleaning",
        "Grocery",
        "Shop near",
        "Smart Security",
        "Kitchen",
        "Shower",
        "Towels"
      ],
      "status": "booked"
    },
    {
      "id": 3,
      "room_type": "Double Bed",
      "room_number": 301,
      "description": "Lorem ipsum dolor sit amet, consectetur adipiscing elit.",
      "price": 200,
      "offer": true,
      "discount": 20,
      "cancellation": "Lorem ipsum dolor sit amet.",
      "photos": [
        "https://images.unsplash.com/photo-1444201983204-c43cbd584d93?w=500&auto=format&fit=crop&q=60&ixlib=rb-4.0.3&ixid=M3wxMjA3fDB8MHxzZWFyY2h8MTI0fHxzaW5nbGUlMjByb29tJTIwaG90ZWx8ZW58MHx8MHx8fDA%3D",
        "https://images.unsplash.com/photo-1576354302919-96748cb8299e?w=500&auto=format&fit=crop&q=60&ixlib=rb-4.0.3&ixid=M3wxMjA3fDB8MHxzZWFyY2h8MTl8fHNpbmdsZSUyMHJvb20lMjBob3RlbHxlbnwwfHwwfHx8MA%3D%3D",
        "https://images.unsplash.com/photo-1619128395560-8a749ac9926d?w=500&auto=format&fit=crop&q=60&ixlib=rb-4.0.3&ixid=M3wxMjA3fDB8MHxzZWFyY2h8MjN8fHNpbmdsZSUyMGJlZCUyMGhvdGVsfGVufDB8fDB8fHww"
      ],
      "amenities": [
        "Air conditioner",
        "Breakfast",
        "Cleaning",
        "Grocery",
        "Shop near",
        "Smart Security",
        "Kitchen",
        "Shower",
        "Towels"
      ],
      "status": "available"
    },
    {
      "id": 4,
      "room_type": "Double Superior",
      "room_number": 401,
      "description": "Lorem ipsum dolor sit amet, consectetur adipiscing elit.",
      "price": 400,
      "offer": false,
      "discount": 0,
      "cancellation": "Lorem ipsum dolor sit amet.",
      "photos": [
        "https://media.istockphoto.com/id/1248092864/es/foto/dormitorio-de-lujo-moderno-mesa-de-maquillaje-y-balc%C3%B3n-con-vistas-al-mar.jpg?s=612x612&w=0&k=20&c=moigb0xxNafj-GdgJCbPS91n1qaJrhvbpu09EKbCIqM=",
        "https://media.istockphoto.com/id/1927826104/es/foto/modern-double-bedroom-economic-furniture-design-trend-vintage-boho.jpg?s=612x612&w=0&k=20&c=iIyIVLiUYGhaTbMacfa4o9JccQ1g4ZUl_sDjtLLZZT0=",
        "https://media.istockphoto.com/id/852679078/es/foto/color-dormitorio-blanco-moderno-con-gran-ventanal-atardecer-amanecer-arquitectura-minimalista.jpg?s=612x612&w=0&k=20&c=v-mgS9BEohn6RKa3gKeL4tOHcZUBhNhXWgs961eh5n4="
      ],
      "amenities": [
        "Air conditioner",
        "Breakfast",
        "Cleaning",
        "Grocery",
        "Shop near",
        "24/7 Online Support",
        "Smart Security",
        "High-speed WiFi",
        "Kitchen",
        "Shower",
        "Towels",
        "Strong Locker",
        "Expert Team"
      ],
      "status": "booked"
    },
    {
        "id": 5,
        "room_type": "Suite",
        "room_number": 102,
        "description": "Lorem ipsum dolor sit amet, consectetur adipiscing elit.",
        "price": 450,
        "offer": true,
        "discount": 10,
        "cancellation": "Lorem ipsum dolor sit amet.",
        "photos": [
            "https://plus.unsplash.com/premium_photo-1661964402307-02267d1423f5?w=500&auto=format&fit=crop&q=60&ixlib=rb-4.0.3&ixid=M3wxMjA3fDB8MHxzZWFyY2h8MTN8fGhvdGVsJTIwcm9vbSUyMHN1aXRlfGVufDB8fDB8fHww",
            "https://plus.unsplash.com/premium_photo-1661963630748-3de7ab820570?w=500&auto=format&fit=crop&q=60&ixlib=rb-4.0.3&ixid=M3wxMjA3fDB8MHxzZWFyY2h8OXx8c3VpdGV8ZW58MHx8MHx8fDA%3D",
            "https://plus.unsplash.com/premium_photo-1661875135365-16aab794632f?w=500&auto=format&fit=crop&q=60&ixlib=rb-4.0.3&ixid=M3wxMjA3fDB8MHxzZWFyY2h8OXx8aG90ZWwlMjByb29tJTIwc3VpdGV8ZW58MHx8MHx8fDA%3D"

        ],
        "amenities": [
          "Air conditioner",
          "Breakfast",
          "Cleaning",
          "Grocery",
          "Shop near",
          "24/7 Online Support",
          "Smart Security",
          "High-speed WiFi",
          "Kitchen",
          "Shower",
          "Towels",
          "Strong Locker",
          "Expert Team"
        ],
        "status": "booked"
      },
      {
        "id": 6,
        "room_type": "Single Bed",
        "room_number": 202,
        "description": "Lorem ipsum dolor sit amet, consectetur adipiscing elit.",
        "price": 150,
        "offer": false,
        "discount": 0,
        "cancellation": "Lorem ipsum dolor sit amet.",
        "photos": [
            "https://images.unsplash.com/photo-1517912181842-e5a9d4701a4e?w=500&auto=format&fit=crop&q=60&ixlib=rb-4.0.3&ixid=M3wxMjA3fDB8MHxzZWFyY2h8ODR8fHNpbmdsZSUyMHJvb20lMjBob3RlbHxlbnwwfHwwfHx8MA%3D%3D",
            "https://images.unsplash.com/photo-1515362655824-9a74989f318e?w=500&auto=format&fit=crop&q=60&ixlib=rb-4.0.3&ixid=M3wxMjA3fDB8MHxzZWFyY2h8MjF8fHNpbmdsZSUyMGJlZCUyMGhvdGVsfGVufDB8fDB8fHww",
            "https://images.unsplash.com/photo-1564273795917-fe399b763988?w=500&auto=format&fit=crop&q=60&ixlib=rb-4.0.3&ixid=M3wxMjA3fDB8MHxzZWFyY2h8MzJ8fHNpbmdsZSUyMHJvb20lMjBob3RlbHxlbnwwfHwwfHx8MA%3D%3D"

          ],
        "amenities": [
          "Air conditioner",
          "Breakfast",
          "Cleaning",
          "Grocery",
          "Shop near",
          "Smart Security",
          "Kitchen",
          "Shower",
          "Towels"
        ],
        "status": "booked"
      },
      {
        "id": 7,
        "room_type": "Double Bed",
        "room_number": 302,
        "description": "Lorem ipsum dolor sit amet, consectetur adipiscing elit.",
        "price": 200,
        "offer": true,
        "discount": 20,
        "cancellation": "Lorem ipsum dolor sit amet.",
        "photos": [
            "https://images.unsplash.com/photo-1576354302919-96748cb8299e?w=500&auto=format&fit=crop&q=60&ixlib=rb-4.0.3&ixid=M3wxMjA3fDB8MHxzZWFyY2h8MTl8fHNpbmdsZSUyMHJvb20lMjBob3RlbHxlbnwwfHwwfHx8MA%3D%3D",
            "https://images.unsplash.com/photo-1619128395560-8a749ac9926d?w=500&auto=format&fit=crop&q=60&ixlib=rb-4.0.3&ixid=M3wxMjA3fDB8MHxzZWFyY2h8MjN8fHNpbmdsZSUyMGJlZCUyMGhvdGVsfGVufDB8fDB8fHww",
            "https://images.unsplash.com/photo-1444201983204-c43cbd584d93?w=500&auto=format&fit=crop&q=60&ixlib=rb-4.0.3&ixid=M3wxMjA3fDB8MHxzZWFyY2h8MTI0fHxzaW5nbGUlMjByb29tJTIwaG90ZWx8ZW58MHx8MHx8fDA%3D"

          ],
        "amenities": [
          "Air conditioner",
          "Breakfast",
          "Cleaning",
          "Grocery",
          "Shop near",
          "Smart Security",
          "Kitchen",
          "Shower",
          "Towels"
        ],
        "status": "booked"
      },
      {
        "id": 8,
        "room_type": "Double Superior",
        "room_number": 402,
        "description": "Lorem ipsum dolor sit amet, consectetur adipiscing elit.",
        "price": 400,
        "offer": false,
        "discount": 0,
        "cancellation": "Lorem ipsum dolor sit amet.",
        "photos": [
            "https://media.istockphoto.com/id/1927826104/es/foto/modern-double-bedroom-economic-furniture-design-trend-vintage-boho.jpg?s=612x612&w=0&k=20&c=iIyIVLiUYGhaTbMacfa4o9JccQ1g4ZUl_sDjtLLZZT0=",
            "https://media.istockphoto.com/id/852679078/es/foto/color-dormitorio-blanco-moderno-con-gran-ventanal-atardecer-amanecer-arquitectura-minimalista.jpg?s=612x612&w=0&k=20&c=v-mgS9BEohn6RKa3gKeL4tOHcZUBhNhXWgs961eh5n4=",
            "https://media.istockphoto.com/id/1248092864/es/foto/dormitorio-de-lujo-moderno-mesa-de-maquillaje-y-balc%C3%B3n-con-vistas-al-mar.jpg?s=612x612&w=0&k=20&c=moigb0xxNafj-GdgJCbPS91n1qaJrhvbpu09EKbCIqM="

          ],
        "amenities": [
          "Air conditioner",
          "Breakfast",
          "Cleaning",
          "Grocery",
          "Shop near",
          "24/7 Online Support",
          "Smart Security",
          "High-speed WiFi",
          "Kitchen",
          "Shower",
          "Towels",
          "Strong Locker",
          "Expert Team"
        ],
        "status": "available"
      },
      {
        "id": 9,
        "room_type": "Suite",
        "room_number": 103,
        "description": "Lorem ipsum dolor sit amet, consectetur adipiscing elit.",
        "price": 450,
        "offer": true,
        "discount": 10,
        "cancellation": "Lorem ipsum dolor sit amet.",
        "photos": [
            "https://plus.unsplash.com/premium_photo-1661963630748-3de7ab820570?w=500&auto=format&fit=crop&q=60&ixlib=rb-4.0.3&ixid=M3wxMjA3fDB8MHxzZWFyY2h8OXx8c3VpdGV8ZW58MHx8MHx8fDA%3D",
            "https://plus.unsplash.com/premium_photo-1661875135365-16aab794632f?w=500&auto=format&fit=crop&q=60&ixlib=rb-4.0.3&ixid=M3wxMjA3fDB8MHxzZWFyY2h8OXx8aG90ZWwlMjByb29tJTIwc3VpdGV8ZW58MHx8MHx8fDA%3D",
            "https://plus.unsplash.com/premium_photo-1661964402307-02267d1423f5?w=500&auto=format&fit=crop&q=60&ixlib=rb-4.0.3&ixid=M3wxMjA3fDB8MHxzZWFyY2h8MTN8fGhvdGVsJTIwcm9vbSUyMHN1aXRlfGVufDB8fDB8fHww"
          ],
        "amenities": [
          "Air conditioner",
          "Breakfast",
          "Cleaning",
          "Grocery",
          "Shop near",
          "24/7 Online Support",
          "Smart Security",
          "High-speed WiFi",
          "Kitchen",
          "Shower",
          "Towels",
          "Strong Locker",
          "Expert Team"
        ],
        "status": "available"
      },
      {
        "id": 10,
        "room_type": "Single Bed",
        "room_number": 203,
        "description": "Lorem ipsum dolor sit amet, consectetur adipiscing elit.",
        "price": 150,
        "offer": false,
        "discount": 0,
        "cancellation": "Lorem ipsum dolor sit amet.",
        "photos": [
            "https://images.unsplash.com/photo-1515362655824-9a74989f318e?w=500&auto=format&fit=crop&q=60&ixlib=rb-4.0.3&ixid=M3wxMjA3fDB8MHxzZWFyY2h8MjF8fHNpbmdsZSUyMGJlZCUyMGhvdGVsfGVufDB8fDB8fHww",
            "https://images.unsplash.com/photo-1564273795917-fe399b763988?w=500&auto=format&fit=crop&q=60&ixlib=rb-4.0.3&ixid=M3wxMjA3fDB8MHxzZWFyY2h8MzJ8fHNpbmdsZSUyMHJvb20lMjBob3RlbHxlbnwwfHwwfHx8MA%3D%3D",
            "https://images.unsplash.com/photo-1517912181842-e5a9d4701a4e?w=500&auto=format&fit=crop&q=60&ixlib=rb-4.0.3&ixid=M3wxMjA3fDB8MHxzZWFyY2h8ODR8fHNpbmdsZSUyMHJvb20lMjBob3RlbHxlbnwwfHwwfHx8MA%3D%3D"
          ],
        "amenities": [
          "Air conditioner",
          "Breakfast",
          "Cleaning",
          "Grocery",
          "Shop near",
          "Smart Security",
          "Kitchen",
          "Shower",
          "Towels"
        ],
        "status": "available"
      },
      {
        "id": 11,
        "room_type": "Double Bed",
        "room_number": 303,
        "description": "Lorem ipsum dolor sit amet, consectetur adipiscing elit.",
        "price": 200,
        "offer": true,
        "discount": 20,
        "cancellation": "Lorem ipsum dolor sit amet.",
        "photos": [
            "https://images.unsplash.com/photo-1619128395560-8a749ac9926d?w=500&auto=format&fit=crop&q=60&ixlib=rb-4.0.3&ixid=M3wxMjA3fDB8MHxzZWFyY2h8MjN8fHNpbmdsZSUyMGJlZCUyMGhvdGVsfGVufDB8fDB8fHww",
            "https://images.unsplash.com/photo-1444201983204-c43cbd584d93?w=500&auto=format&fit=crop&q=60&ixlib=rb-4.0.3&ixid=M3wxMjA3fDB8MHxzZWFyY2h8MTI0fHxzaW5nbGUlMjByb29tJTIwaG90ZWx8ZW58MHx8MHx8fDA%3D",
            "https://images.unsplash.com/photo-1576354302919-96748cb8299e?w=500&auto=format&fit=crop&q=60&ixlib=rb-4.0.3&ixid=M3wxMjA3fDB8MHxzZWFyY2h8MTl8fHNpbmdsZSUyMHJvb20lMjBob3RlbHxlbnwwfHwwfHx8MA%3D%3D"
          ],
        "amenities": [
          "Air conditioner",
          "Breakfast",
          "Cleaning",
          "Grocery",
          "Shop near",
          "Smart Security",
          "Kitchen",
          "Shower",
          "Towels"
        ],
        "status": "available"
      },
      {
        "id": 12,
        "room_type": "Double Superior",
        "room_number": 403,
        "description": "Lorem ipsum dolor sit amet, consectetur adipiscing elit.",
        "price": 400,
        "offer": false,
        "discount": 0,
        "cancellation": "Lorem ipsum dolor sit amet.",
        "photos": [
            "https://media.istockphoto.com/id/852679078/es/foto/color-dormitorio-blanco-moderno-con-gran-ventanal-atardecer-amanecer-arquitectura-minimalista.jpg?s=612x612&w=0&k=20&c=v-mgS9BEohn6RKa3gKeL4tOHcZUBhNhXWgs961eh5n4=",
            "https://media.istockphoto.com/id/1248092864/es/foto/dormitorio-de-lujo-moderno-mesa-de-maquillaje-y-balc%C3%B3n-con-vistas-al-mar.jpg?s=612x612&w=0&k=20&c=moigb0xxNafj-GdgJCbPS91n1qaJrhvbpu09EKbCIqM=",
            "https://media.istockphoto.com/id/1927826104/es/foto/modern-double-bedroom-economic-furniture-design-trend-vintage-boho.jpg?s=612x612&w=0&k=20&c=iIyIVLiUYGhaTbMacfa4o9JccQ1g4ZUl_sDjtLLZZT0="
          ],
        "amenities": [
          "Air conditioner",
          "Breakfast",
          "Cleaning",
          "Grocery",
          "Shop near",
          "24/7 Online Support",
          "Smart Security",
          "High-speed WiFi",
          "Kitchen",
          "Shower",
          "Towels",
          "Strong Locker",
          "Expert Team"
        ],
        "status": "available"
      },
      {
        "id": 13,
        "room_type": "Suite",
        "room_number": 104,
        "description": "Lorem ipsum dolor sit amet, consectetur adipiscing elit.",
        "price": 450,
        "offer": true,
        "discount": 10,
        "cancellation": "Lorem ipsum dolor sit amet.",
        "photos": [
            "https://plus.unsplash.com/premium_photo-1661875135365-16aab794632f?w=500&auto=format&fit=crop&q=60&ixlib=rb-4.0.3&ixid=M3wxMjA3fDB8MHxzZWFyY2h8OXx8aG90ZWwlMjByb29tJTIwc3VpdGV8ZW58MHx8MHx8fDA%3D",
            "https://plus.unsplash.com/premium_photo-1661964402307-02267d1423f5?w=500&auto=format&fit=crop&q=60&ixlib=rb-4.0.3&ixid=M3wxMjA3fDB8MHxzZWFyY2h8MTN8fGhvdGVsJTIwcm9vbSUyMHN1aXRlfGVufDB8fDB8fHww",
            "https://plus.unsplash.com/premium_photo-1661963630748-3de7ab820570?w=500&auto=format&fit=crop&q=60&ixlib=rb-4.0.3&ixid=M3wxMjA3fDB8MHxzZWFyY2h8OXx8c3VpdGV8ZW58MHx8MHx8fDA%3D"
          ],
        "amenities": [
          "Air conditioner",
          "Breakfast",
          "Cleaning",
          "Grocery",
          "Shop near",
          "24/7 Online Support",
          "Smart Security",
          "High-speed WiFi",
          "Kitchen",
          "Shower",
          "Towels",
          "Strong Locker",
          "Expert Team"
        ],
        "status": "available"
      },
      {
        "id": 14,
        "room_type": "Single Bed",
        "room_number": 204,
        "description": "Lorem ipsum dolor sit amet, consectetur adipiscing elit.",
        "price": 150,
        "offer": false,
        "discount": 0,
        "cancellation": "Lorem ipsum dolor sit amet.",
        "photos": [
            "https://images.unsplash.com/photo-1564273795917-fe399b763988?w=500&auto=format&fit=crop&q=60&ixlib=rb-4.0.3&ixid=M3wxMjA3fDB8MHxzZWFyY2h8MzJ8fHNpbmdsZSUyMHJvb20lMjBob3RlbHxlbnwwfHwwfHx8MA%3D%3D",
            "https://images.unsplash.com/photo-1517912181842-e5a9d4701a4e?w=500&auto=format&fit=crop&q=60&ixlib=rb-4.0.3&ixid=M3wxMjA3fDB8MHxzZWFyY2h8ODR8fHNpbmdsZSUyMHJvb20lMjBob3RlbHxlbnwwfHwwfHx8MA%3D%3D",
            "https://images.unsplash.com/photo-1515362655824-9a74989f318e?w=500&auto=format&fit=crop&q=60&ixlib=rb-4.0.3&ixid=M3wxMjA3fDB8MHxzZWFyY2h8MjF8fHNpbmdsZSUyMGJlZCUyMGhvdGVsfGVufDB8fDB8fHww"
          ],
        "amenities": [
          "Air conditioner",
          "Breakfast",
          "Cleaning",
          "Grocery",
          "Shop near",
          "Smart Security",
          "Kitchen",
          "Shower",
          "Towels"
        ],
        "status": "booked"
      },
      {
        "id": 15,
        "room_type": "Double Bed",
        "room_number": 304,
        "description": "Lorem ipsum dolor sit amet, consectetur adipiscing elit.",
        "price": 200,
        "offer": true,
        "discount": 20,
        "cancellation": "Lorem ipsum dolor sit amet.",
        "photos": [
            "https://images.unsplash.com/photo-1444201983204-c43cbd584d93?w=500&auto=format&fit=crop&q=60&ixlib=rb-4.0.3&ixid=M3wxMjA3fDB8MHxzZWFyY2h8MTI0fHxzaW5nbGUlMjByb29tJTIwaG90ZWx8ZW58MHx8MHx8fDA%3D",
            "https://images.unsplash.com/photo-1576354302919-96748cb8299e?w=500&auto=format&fit=crop&q=60&ixlib=rb-4.0.3&ixid=M3wxMjA3fDB8MHxzZWFyY2h8MTl8fHNpbmdsZSUyMHJvb20lMjBob3RlbHxlbnwwfHwwfHx8MA%3D%3D",
            "https://images.unsplash.com/photo-1619128395560-8a749ac9926d?w=500&auto=format&fit=crop&q=60&ixlib=rb-4.0.3&ixid=M3wxMjA3fDB8MHxzZWFyY2h8MjN8fHNpbmdsZSUyMGJlZCUyMGhvdGVsfGVufDB8fDB8fHww"
          ],
        "amenities": [
          "Air conditioner",
          "Breakfast",
          "Cleaning",
          "Grocery",
          "Shop near",
          "Smart Security",
          "Kitchen",
          "Shower",
          "Towels"
        ],
        "status": "available"
      }
]