[
    {
        "id": 1,
        "first_name": "Devon",
        "last_name": "Bezley",
        "email": "dbezley0@jigsy.com",
        "start_date": "2023-09-16",
        "description": "Maecenas rhoncus aliquam lacus.",
        "photo": "http://dummyimage.com/111x100.png/ff4444/ffffff",
        "phone": "781-111-8314",
        "status": "Active"
    },
    {
        "id": 3,
        "first_name": "Nat",
        "last_name": "Mackin",
        "email": "nmackin2@pagesperso-orange.fr",
        "start_date": "2023-02-15",
        "description": "Quisque porta volutpat erat. Quisque erat eros, viverra eget, congue eget, semper rutrum, nulla.",
        "photo": "http://dummyimage.com/137x100.png/5fa2dd/ffffff",
        "phone": "769-374-6971",
        "status": "Active"
    },
    {
        "id": 4,
        "first_name": "Ebba",
        "last_name": "Lindemann",
        "email": "elindemann3@sun.com",
        "start_date": "2024-01-02",
        "description": "Quisque ut erat. Curabitur gravida nisi at nibh.",
        "photo": "http://dummyimage.com/100x100.png/cc0000/ffffff",
        "phone": "531-368-5190",
        "status": "Active"
    },
    {
        "id": 5,
        "first_name": "Federica",
        "last_name": "Yedall",
        "email": "fyedall4@psu.edu",
        "start_date": "2023-04-12",
        "description": "Morbi sem mauris, laoreet ut, rhoncus aliquet, pulvinar sed, nisl.",
        "photo": "http://dummyimage.com/141x100.png/cc0000/ffffff",
        "phone": "322-445-2606",
        "status": "Inactive"
    },
    {
        "id": 6,
        "first_name": "Benjamen",
        "last_name": "Tattersfield",
        "email": "btattersfield5@hugedomains.com",
        "start_date": "2024-05-21",
        "description": "Donec diam neque, vestibulum eget, vulputate ut, ultrices vel, augue.",
        "photo": "http://dummyimage.com/111x100.png/ff4444/ffffff",
        "phone": "880-826-7830",
        "status": "Inactive"
    },
    {
        "id": 7,
        "first_name": "Minna",
        "last_name": "Storch",
        "email": "mstorch6@squarespace.com",
        "start_date": "2024-11-03",
        "description": "Nunc purus. Phasellus in felis.",
        "photo": "http://dummyimage.com/130x100.png/5fa2dd/ffffff",
        "phone": "842-419-5372",
        "status": "Inactive"
    },
    {
        "id": 8,
        "first_name": "Maris",
        "last_name": "Menear",
        "email": "mmenear7@un.org",
        "start_date": "2023-05-18",
        "description": "Cras non velit nec nisi vulputate nonummy. Maecenas tincidunt lacus at velit.",
        "photo": "http://dummyimage.com/132x100.png/ff4444/ffffff",
        "phone": "402-668-0818",
        "status": "Active"
    },
    {
        "id": 9,
        "first_name": "Shoshana",
        "last_name": "Jankovic",
        "email": "sjankovic8@dropbox.com",
        "start_date": "2023-08-20",
        "description": "In quis justo. Maecenas rhoncus aliquam lacus.",
        "photo": "http://dummyimage.com/144x100.png/ff4444/ffffff",
        "phone": "418-462-6729",
        "status": "Active"
    },
    {
        "id": 11,
        "first_name": "Alix",
        "last_name": "MacElholm",
        "email": "amacelholma@bigcartel.com",
        "start_date": "2024-01-06",
        "description": "Suspendisse ornare consequat lectus. In est risus, auctor sed, tristique in, tempus sit amet, sem.",
        "photo": "http://dummyimage.com/145x100.png/5fa2dd/ffffff",
        "phone": "748-720-1180",
        "status": "Active"
    },
    {
        "id": 12,
        "first_name": "Peggy",
        "last_name": "Sandal",
        "email": "psandalb@wikia.com",
        "start_date": "2023-05-12",
        "description": "Maecenas ut massa quis augue luctus tincidunt. Nulla mollis molestie lorem.",
        "photo": "http://dummyimage.com/104x100.png/5fa2dd/ffffff",
        "phone": "746-745-7052",
        "status": "Inactive"
    },
    {
        "id": 13,
        "first_name": "Lauree",
        "last_name": "Redhills",
        "email": "lredhillsc@buzzfeed.com",
        "start_date": "2023-08-02",
        "description": "Curabitur at ipsum ac tellus semper interdum. Mauris ullamcorper purus sit amet nulla.",
        "photo": "http://dummyimage.com/139x100.png/cc0000/ffffff",
        "phone": "688-113-0451",
        "status": "Active"
    },
    {
        "id": 14,
        "first_name": "Dore",
        "last_name": "Fulop",
        "email": "dfulopd@unicef.org",
        "start_date": "2023-10-29",
        "description": "Aliquam non mauris.",
        "photo": "http://dummyimage.com/131x100.png/cc0000/ffffff",
        "phone": "240-991-7467",
        "status": "Active"
    },
    {
        "id": 15,
        "first_name": "Currie",
        "last_name": "McGilvra",
        "email": "cmcgilvrae@sfgate.com",
        "start_date": "2023-01-10",
        "description": "Quisque porta volutpat erat. Quisque erat eros, viverra eget, congue eget, semper rutrum, nulla.",
        "photo": "http://dummyimage.com/117x100.png/ff4444/ffffff",
        "phone": "368-601-3422",
        "status": "Inactive"
    },
    {
        "id": 16,
        "first_name": "Berkie",
        "last_name": "Jurick",
        "email": "bjurickf@nytimes.com",
        "start_date": "2023-11-30",
        "description": "Donec diam neque, vestibulum eget, vulputate ut, ultrices vel, augue.",
        "photo": "http://dummyimage.com/113x100.png/cc0000/ffffff",
        "phone": "987-241-3921",
        "status": "Inactive"
    },
    {
        "id": 17,
        "first_name": "Hyman",
        "last_name": "Lawlie",
        "email": "hlawlieg@nps.gov",
        "start_date": "2023-02-28",
        "description": "Vivamus metus arcu, adipiscing molestie, hendrerit at, vulputate vitae, nisl.",
        "photo": "http://dummyimage.com/148x100.png/cc0000/ffffff",
        "phone": "142-898-1931",
        "status": "Active"
    },
    {
        "id": 18,
        "first_name": "Simmonds",
        "last_name": "Lampke",
        "email": "slampkeh@umich.edu",
        "start_date": "2024-01-08",
        "description": "Suspendisse potenti.",
        "photo": "http://dummyimage.com/135x100.png/5fa2dd/ffffff",
        "phone": "938-263-7950",
        "status": "Active"
    },
    {
        "id": 19,
        "first_name": "Patti",
        "last_name": "Fader",
        "email": "pfaderi@zdnet.com",
        "start_date": "2023-10-25",
        "description": "Integer ac neque. Duis bibendum.",
        "photo": "http://dummyimage.com/139x100.png/cc0000/ffffff",
        "phone": "424-657-6118",
        "status": "Active"
    },
    {
        "id": 20,
        "first_name": "Donni",
        "last_name": "Jean",
        "email": "djeanj@disqus.com",
        "start_date": "2023-04-19",
        "description": "Maecenas tincidunt lacus at velit. Vivamus vel nulla eget eros elementum pellentesque.",
        "photo": "http://dummyimage.com/122x100.png/ff4444/ffffff",
        "phone": "560-810-7168",
        "status": "Inactive"
    },
    {
        "id": 21,
        "first_name": "Kile",
        "last_name": "Baudone",
        "email": "kbaudonek@jugem.jp",
        "start_date": "2023-03-16",
        "description": "In hac habitasse platea dictumst.",
        "photo": "http://dummyimage.com/103x100.png/dddddd/000000",
        "phone": "748-570-0493",
        "status": "Inactive"
    },
    {
        "id": 22,
        "first_name": "Blinni",
        "last_name": "Tebbs",
        "email": "btebbsl@qq.com",
        "start_date": "2024-01-09",
        "description": "Phasellus id sapien in sapien iaculis congue.",
        "photo": "http://dummyimage.com/136x100.png/ff4444/ffffff",
        "phone": "660-469-3006",
        "status": "Inactive"
    },
    {
        "id": 23,
        "first_name": "Joan",
        "last_name": "Dempsey",
        "email": "jdempseym@youku.com",
        "start_date": "2023-07-03",
        "description": "Vivamus tortor. Duis mattis egestas metus.",
        "photo": "http://dummyimage.com/149x100.png/5fa2dd/ffffff",
        "phone": "702-759-3169",
        "status": "Inactive"
    },
    {
        "id": 24,
        "first_name": "Beryl",
        "last_name": "Ort",
        "email": "bortn@amazonaws.com",
        "start_date": "2023-04-28",
        "description": "Nulla ac enim. In tempor, turpis nec euismod scelerisque, quam turpis adipiscing lorem, vitae mattis nibh ligula nec sem.",
        "photo": "http://dummyimage.com/113x100.png/dddddd/000000",
        "phone": "867-386-6181",
        "status": "Active"
    },
    {
        "id": 25,
        "first_name": "Cissy",
        "last_name": "Mattiazzi",
        "email": "cmattiazzio@si.edu",
        "start_date": "2022-11-15",
        "description": "Morbi non quam nec dui luctus rutrum.",
        "photo": "http://dummyimage.com/138x100.png/5fa2dd/ffffff",
        "phone": "141-574-2955",
        "status": "Active"
    },
    {
        "id": 26,
        "first_name": "Oriana",
        "last_name": "Tunnick",
        "email": "otunnickp@123-reg.co.uk",
        "start_date": "2023-12-03",
        "description": "Pellentesque viverra pede ac diam. Cras pellentesque volutpat dui.",
        "photo": "http://dummyimage.com/134x100.png/cc0000/ffffff",
        "phone": "820-634-1475",
        "status": "Active"
    },
    {
        "id": 27,
        "first_name": "Vin",
        "last_name": "Gawthrop",
        "email": "vgawthropq@newyorker.com",
        "start_date": "2024-02-21",
        "description": "Vivamus metus arcu, adipiscing molestie, hendrerit at, vulputate vitae, nisl. Aenean lectus.",
        "photo": "http://dummyimage.com/126x100.png/ff4444/ffffff",
        "phone": "919-380-8377",
        "status": "Inactive"
    },
    {
        "id": 28,
        "first_name": "Larry",
        "last_name": "Cabotto",
        "email": "lcabottor@samsung.com",
        "start_date": "2023-09-26",
        "description": "Vestibulum rutrum rutrum neque.",
        "photo": "http://dummyimage.com/141x100.png/dddddd/000000",
        "phone": "811-251-6458",
        "status": "Active"
    },
    {
        "id": 29,
        "first_name": "Harbert",
        "last_name": "Tatham",
        "email": "htathams@1und1.de",
        "start_date": "2023-04-08",
        "description": "Nulla justo.",
        "photo": "http://dummyimage.com/105x100.png/dddddd/000000",
        "phone": "818-340-5461",
        "status": "Inactive"
    },
    {
        "id": 30,
        "first_name": "Suzie",
        "last_name": "Kinnock",
        "email": "skinnockt@utexas.edu",
        "start_date": "2024-01-26",
        "description": "Cras pellentesque volutpat dui. Maecenas tristique, est et tempus semper, est quam pharetra magna, ac consequat metus sapien ut nunc.",
        "photo": "http://dummyimage.com/118x100.png/ff4444/ffffff",
        "phone": "506-263-2453",
        "status": "Inactive"
    },
    {
        "id": 10,
        "first_name": "jorge",
        "last_name": "dopico",
        "order_date": "12/4/2013",
        "check_in": "5/19/2022",
        "check_out": "10/3/2023",
        "notes": "secso no gracias",
        "room": 6,
        "status": "Check-out",
        "room_type": "Suite"
    },
    {
        "id": 2,
        "first_name": "Lidio",
        "last_name": "Pitilugar",
        "email": "lphittiplace1@vistaprint.com",
        "start_date": "2024-01-20",
        "description": "Fusce congue, diam id ornare imperdiet, sapien urna pretium nisl, ut volutpat sapien arcu sed augue.",
        "photo": "http://dummyimage.com/148x100.png/dddddd/000000",
        "phone": "530-636-5717",
        "status": "Active"
    }
]